{
    "AA": [
        35.60620153713335,
        7.437910263300504,
        -154.0
    ],
    "AC": [
        35.22655013342189,
        -1.5793105904270148,
        142.9999999999997
    ],
    "AG": [
        28.218612526921717,
        6.739310060982933,
        2.0
    ],
    "AT": [
        31.579545269034803,
        3.071659789661885,
        0.0
    ],
    "CA": [
        33.78426907957775,
        11.966582042507198,
        -64.0
    ],
    "CC": [
        33.62962773333387,
        2.290557581161817,
        -57.0
    ],
    "CG": [
        29.400431742096384,
        5.987418363714413,
        0.0
    ],
    "CT": [
        26.503478459960363,
        8.246406905909698,
        -2.0
    ],
    "GA": [
        37.297417577486186,
        0.9620018476916952,
        119.99999999999963
    ],
    "GC": [
        40.34042424304986,
        3.840380762802445,
        179.99999999999918
    ],
    "GG": [
        33.681144558764906,
        3.318341264400052,
        56.999999999999815
    ],
    "GT": [
        33.56693245414329,
        3.8319549475700865,
        -143.0
    ],
    "TA": [
        35.49280409649022,
        2.719369147174143,
        0.0
    ],
    "TC": [
        37.189337595859605,
        5.059344116387091,
        -120.0
    ],
    "TG": [
        34.80721203290151,
        7.408707334006025,
        64.0
    ],
    "TT": [
        35.613396266451545,
        7.457231899609754,
        153.99999999999972
    ],
    "score": -2.7869569358951294e-12
}