{
    "AA": [
        35.63495523846717,
        7.03094067861151,
        -154.0
    ],
    "AC": [
        33.803087286902645,
        -1.3667484208123746,
        142.99999999999972
    ],
    "AG": [
        27.191638494524884,
        8.324368265686559,
        2.0
    ],
    "AT": [
        30.71311332217262,
        1.7724464813450669,
        0.0
    ],
    "CA": [
        34.62206477848179,
        22.43942792989221,
        -64.0
    ],
    "CC": [
        33.70100464525129,
        2.3551241937857266,
        -57.0
    ],
    "CG": [
        30.20187623521114,
        6.983282001380661,
        0.0
    ],
    "CT": [
        27.69159878674482,
        8.913422795258013,
        -2.0
    ],
    "GA": [
        36.53630225092768,
        0.03611612512581433,
        120.00000000000006
    ],
    "GC": [
        39.77660060322997,
        5.579193819041417,
        180.00000000000026
    ],
    "GG": [
        33.68730255588975,
        2.6410272864660085,
        57.00000000000001
    ],
    "GT": [
        34.29258518100498,
        -3.5845740154498973,
        -143.0
    ],
    "TA": [
        36.76814543864167,
        2.503642242300499,
        0.0
    ],
    "TC": [
        36.85561987005409,
        4.9607302761969425,
        -120.0
    ],
    "TG": [
        34.72353993401154,
        14.992973654071195,
        64.0
    ],
    "TT": [
        35.638505950482696,
        7.336298564317173,
        154.00000000000003
    ],
    "score": -3.840439683562216e-12
}