{
    "AA": [
        35.65854939364536,
        7.1571257849829655,
        -154.0
    ],
    "CC": [
        33.67279876649947,
        0.31031762004831515,
        -57.0
    ],
    "GA": [
        36.788678742676154,
        2.480845722849052,
        119.99999999999946
    ],
    "AC": [
        33.7342717355593,
        -2.9702259453436777,
        142.99999999999895
    ],
    "AG": [
        26.86696927395011,
        9.2509761699445,
        2.0
    ],
    "CA": [
        34.87118306096438,
        11.899367149034225,
        -64.0
    ],
    "GC": [
        39.5673359137662,
        5.028275092935526,
        179.99999999999923
    ],
    "CG": [
        29.484890684863913,
        6.707481483146621,
        0.0
    ],
    "AT": [
        30.9116204678023,
        3.0695159559058545,
        0.0
    ],
    "TA": [
        36.69403768997819,
        2.787758955846476,
        0.0
    ],
    "score": [
        -4.316128856546181
    ]
}