{
    "AA": [
        35.60960137458223,
        6.921048520804862,
        -154.0
    ],
    "AC": [
        34.607365392691506,
        -3.9,
        143.0000000000002
    ],
    "AG": [
        27.113211306285343,
        7.644508601426266,
        2.0
    ],
    "AT": [
        30.872655027506482,
        2.6714060268221895,
        0.0
    ],
    "CA": [
        34.81607811973034,
        25.210243805748718,
        -64.0
    ],
    "CC": [
        33.691546775838205,
        4.04689255441185,
        -57.0
    ],
    "CG": [
        29.596209245942372,
        6.528579830666328,
        0.0
    ],
    "CT": [
        27.745409094469807,
        8.055054327909726,
        -2.0
    ],
    "GA": [
        37.01713063096789,
        6.926411200334866,
        119.99999999999982
    ],
    "GC": [
        40.34758478774561,
        5.103805843563911,
        179.99999999999994
    ],
    "GG": [
        33.69327809174924,
        0.0071973005777418095,
        57.00000000000005
    ],
    "GT": [
        34.42126096261767,
        2.757439504573957,
        -143.0
    ],
    "TA": [
        36.221531640370024,
        2.100839425791564,
        0.0
    ],
    "TC": [
        36.684099949920764,
        4.761313804326329,
        -120.0
    ],
    "TG": [
        34.3138179691696,
        11.290514545530204,
        64.0
    ],
    "TT": [
        35.62879222414855,
        7.19673624196875,
        154.00000000000023
    ],
    "score": [
        -3.4279050331586913
    ]
}