{
    "AA": [
        35.6469644580421,
        7.018890747396965,
        -154.0
    ],
    "AC": [
        33.965959548293974,
        1.9706467939862273,
        143.0
    ],
    "AG": [
        28.776049541466495,
        8.842567444780986,
        2.0
    ],
    "AT": [
        31.33516960273562,
        4.405674025272359,
        0.0
    ],
    "CA": [
        34.204324594406074,
        35.53604136193826,
        -64.0
    ],
    "CC": [
        33.66565016193342,
        2.1911580592035333,
        -57.0
    ],
    "CG": [
        29.159704582125855,
        7.879009160102467,
        0.0
    ],
    "CT": [
        28.408647036927093,
        7.9955481821659,
        -2.0
    ],
    "GA": [
        36.906045859394766,
        10.410931772152702,
        120.00000000000003
    ],
    "GC": [
        41.03729714415426,
        5.4378292651461555,
        180.00000000000003
    ],
    "GG": [
        33.65710947492093,
        3.895060879790246,
        57.0
    ],
    "GT": [
        34.47695582088089,
        4.040252618570338,
        -143.0
    ],
    "TA": [
        35.88298359480355,
        0.041656628327755546,
        0.0
    ],
    "TC": [
        36.93030516482286,
        5.986983541554274,
        -120.0
    ],
    "TG": [
        34.67536546719576,
        8.423108274604585,
        64.0
    ],
    "TT": [
        35.611231013346774,
        7.461579574844196,
        154.00000000000003
    ],
    "score": [
        -125.36073185778658
    ]
}