{
    "AA": [
        35.61648537670221,
        7.327468485885628,
        -154.0
    ],
    "CC": [
        33.69176184901623,
        2.5031422096290967,
        -57.0
    ],
    "GA": [
        37.04218197050447,
        7.842992930423739,
        120.0000000000001
    ],
    "AC": [
        34.38112121198554,
        1.4205898785203077,
        143.0
    ],
    "AG": [
        27.52785603092928,
        7.877516000363739,
        2.0
    ],
    "CA": [
        34.16364989245089,
        23.73444417666827,
        -64.0
    ],
    "GC": [
        39.410975586741124,
        5.069488155337466,
        180.00000000000006
    ],
    "CG": [
        30.04104683398417,
        7.0946622057926225,
        0.0
    ],
    "AT": [
        31.4666319639012,
        3.509317880032495,
        0.0
    ],
    "TA": [
        36.05978781646951,
        -0.5500880067833567,
        0.0
    ],
    "score": [
        -3.7179668151043757
    ]
}