{
    "AA": [
        35.62652635658029,
        7.02753513981302,
        -154.0
    ],
    "CC": [
        33.69348941899538,
        2.5641556641068632,
        -57.0
    ],
    "GA": [
        36.77972893399571,
        6.520803080831033,
        120.00000000000006
    ],
    "AC": [
        34.07815657578598,
        3.492741585207717,
        143.0000000000001
    ],
    "AG": [
        27.988805815731844,
        10.574176217309981,
        2.0
    ],
    "CA": [
        34.64367316752058,
        11.108881228717708,
        -64.0
    ],
    "GC": [
        39.941091218670294,
        4.785914355937208,
        180.0000000000003
    ],
    "CG": [
        29.518659831110188,
        7.17803304804761,
        0.0
    ],
    "AT": [
        31.158024466124786,
        2.1323304941403007,
        0.0
    ],
    "TA": [
        35.87636994747947,
        1.957173950535091,
        0.0
    ],
    "score": [
        -5.71243465741261
    ]
}