{
    "AA": [
        35.57427045353994,
        7.031581115570672,
        -154.0
    ],
    "CC": [
        33.672733615937204,
        3.3828882087088563,
        -57.0
    ],
    "GA": [
        36.104250023966465,
        6.11632666297927,
        119.99999999999983
    ],
    "AC": [
        33.302479019137614,
        5.372505385167155,
        143.00000000000014
    ],
    "AG": [
        27.77317604121733,
        10.64123959327273,
        2.0
    ],
    "CA": [
        34.02698613293552,
        -17.413451256124585,
        -64.0
    ],
    "GC": [
        40.93505252014412,
        4.25887524942935,
        179.99999999999974
    ],
    "CG": [
        29.77155964165182,
        5.7317954047127335,
        0.0
    ],
    "AT": [
        32.326842156559486,
        0.9735729245326323,
        0.0
    ],
    "TA": [
        35.31958178571709,
        0.24292175586356302,
        0.0
    ],
    "score": [
        -5.343561046748342
    ]
}