{
    "AA": [
        35.62553265628424,
        7.761663267181931,
        -154.0
    ],
    "AC": [
        35.535325528694486,
        -0.968367308694976,
        143.00000000000003
    ],
    "AG": [
        28.48238941001467,
        9.270685022594924,
        2.0
    ],
    "AT": [
        31.421643092037975,
        4.6,
        0.0
    ],
    "CA": [
        34.54833817067022,
        37.06087547773391,
        -64.0
    ],
    "CC": [
        33.704853697527064,
        1.716319562729051,
        -57.0
    ],
    "CG": [
        30.412170218926953,
        7.5317856408926005,
        0.0
    ],
    "CT": [
        26.41296236923308,
        10.548363563213636,
        -2.0
    ],
    "GA": [
        37.69402163081905,
        10.56661868373563,
        120.00000000000003
    ],
    "GC": [
        40.135563284186695,
        4.4071206525948305,
        180.0
    ],
    "GG": [
        33.610454352115525,
        3.690837688908487,
        57.00000000000001
    ],
    "GT": [
        34.512459507876834,
        -1.854273691668228,
        -143.0
    ],
    "TA": [
        36.72128692193542,
        2.3305160393975144,
        0.0
    ],
    "TC": [
        37.201450829675515,
        4.3034699449024165,
        -120.0
    ],
    "TG": [
        34.18200704837321,
        7.53972774407828,
        64.0
    ],
    "TT": [
        35.617363945965195,
        7.362956327722249,
        154.00000000000003
    ],
    "score": [
        -90.45066433582701
    ]
}