{
    "AA": [
        35.63247214256689,
        6.687758258759507,
        -154.0
    ],
    "AC": [
        34.66235045679603,
        -0.12512670775127302,
        143.00000000000003
    ],
    "AG": [
        27.209399545524796,
        7.909554622161376,
        2.0
    ],
    "AT": [
        31.52160389405049,
        4.052911438310073,
        0.0
    ],
    "CA": [
        35.24740125906838,
        22.207978597361706,
        -64.0
    ],
    "CC": [
        33.62674735951439,
        2.539963540642848,
        -57.0
    ],
    "CG": [
        30.702544192195642,
        7.589328598842705,
        0.0
    ],
    "CT": [
        26.277208515960073,
        7.4575925871333295,
        -2.0
    ],
    "GA": [
        36.808044013727645,
        3.0769964527554587,
        120.00000000000006
    ],
    "GC": [
        40.311170623001196,
        5.09313997740063,
        179.99999999999983
    ],
    "GG": [
        33.63907302435159,
        1.9419020186378741,
        56.99999999999997
    ],
    "GT": [
        33.87806315493797,
        -3.7799341866687692,
        -143.0
    ],
    "TA": [
        35.90725232250064,
        1.3427259919172032,
        0.0
    ],
    "TC": [
        36.59784706428107,
        5.593639329197132,
        -120.0
    ],
    "TG": [
        34.12349717862074,
        31.41587629579359,
        64.0
    ],
    "TT": [
        35.66646579519824,
        7.072041551645062,
        154.00000000000009
    ],
    "score": [
        -1.2498196331557082e-11
    ]
}