{"AA": [35.6258203958913, 7.637014341423619, -154.0], "AC": [34.62741669779505, 5.453127928427901, 143.00000000000014], "AG": [27.403280154084577, 9.070383190499864, 2.0], "AT": [31.35828206796817, 2.717125677020058, 0.0], "CA": [34.877902999060986, -3.81236214502923, -64.0], "CC": [33.698224321137545, 0.26758683101723424, -57.0], "CG": [29.63319210203026, 7.996203883680709, 0.0], "CT": [28.105682086463435, 8.414783229618255, -2.0], "GA": [37.1246567243164, 6.3621694592329465, 120.00000000000004], "GC": [39.91949666998099, 5.306954853230864, 180.00000000000003], "GG": [33.654436617887036, 3.0798774038252326, 56.99999999999999], "GT": [34.44521248182649, 2.206488588214402, -143.0], "TA": [36.43615412304739, 0.32225780731459314, 0.0], "TC": [37.36400903220313, 6.8907871790696715, -120.0], "TG": [35.066455055684976, 15.585976138183828, 64.0], "TT": [35.586929354983226, 7.392243858909837, 153.9999999999998]}