{"AA": [35.62318525273344, 6.979286773841072, -154.0], "AC": [35.02356677130794, 0.09472525586971035, 143.0], "AG": [27.78475430022834, 8.935917812475266, 2.0], "AT": [31.734313130924036, 2.332497407700691, 0.0], "CA": [33.82830953031908, 26.362539194962498, -64.0], "CC": [33.679503270362765, 2.190225127066135, -57.0], "CG": [29.02592088083357, 6.594303202521359, 0.0], "CT": [27.40233512091732, 7.665640217051632, -2.0], "GA": [37.10570546043728, 1.1755759679227313, 119.99999999999999], "GC": [39.96465732145007, 4.752360760264995, 179.99999999999997], "GG": [33.67002457158686, 2.986659725739238, 57.0], "GT": [34.938072481623934, -2.418158725470771, -143.0], "TA": [36.111635335063006, 0.3059962918595668, 0.0], "TC": [36.87177233223441, 7.732590811637748, -120.0], "TG": [33.7810204662657, -3.6043013937214687, 64.0], "TT": [35.59117170997457, 7.078263932538984, 153.99999999999997]}