{"AA": [35.6242122609153, 7.428076194925471, -154.0], "AC": [34.803564142336704, -0.7589179153823413, 143.00000000000003], "AG": [27.538342172380403, 10.537785577718775, 2.0], "AT": [31.633829238534197, 3.9032144535660285, 0.0], "CA": [34.57290141305894, 20.34921248022124, -64.0], "CC": [33.65088373312017, 1.261797362688535, -57.0], "CG": [29.46856792233788, 6.40458262367542, 0.0], "CT": [27.43069525392719, 9.504795230194764, -2.0], "GA": [37.297762738114464, 2.2710770233193207, 119.99999999999997], "GC": [39.244131990721115, 4.494320708849585, 180.00000000000003], "GG": [33.71846672892876, 3.1832018630761896, 57.0], "GT": [34.91823519970735, 4.390805814671112, -143.0], "TA": [36.48835377448891, 0.4228649627291201, 0.0], "TC": [37.45702819972674, 6.492608770068611, -120.0], "TG": [34.60571654453515, 14.311896586256633, 64.0], "TT": [35.63823245435093, 7.2475055264022945, 154.0]}