{
    "AA": [
        35.61240921378967,
        6.710414948383097,
        -154.0
    ],
    "AC": [
        35.23901871768177,
        -0.17439815759001664,
        142.9999999999999
    ],
    "AG": [
        27.867745633076463,
        9.894160762054696,
        2.0
    ],
    "AT": [
        31.79673867073855,
        2.5731819995179563,
        0.0
    ],
    "CA": [
        34.07656958819607,
        -6.5725117487260105,
        -64.0
    ],
    "CC": [
        33.68491021305461,
        1.2900306239478898,
        -57.0
    ],
    "CG": [
        30.02939571545064,
        7.297747350058468,
        0.0
    ],
    "CT": [
        28.814946270416346,
        10.776129018813828,
        -2.0
    ],
    "GA": [
        37.2302092570768,
        4.852306059184753,
        120.00000000000004
    ],
    "GC": [
        40.41516637525008,
        4.579482446626227,
        179.9999999999997
    ],
    "GG": [
        33.63657725327337,
        0.7714650355295448,
        56.999999999999986
    ],
    "GT": [
        34.477654899497104,
        2.291003651743766,
        -143.0
    ],
    "TA": [
        35.835363350831145,
        1.6315275606465638,
        0.0
    ],
    "TC": [
        37.009466517210804,
        4.660049028973474,
        -120.0
    ],
    "TG": [
        34.62111111932769,
        36.57318350162607,
        64.0
    ],
    "TT": [
        35.65724246018302,
        6.962805564363016,
        153.99999999999997
    ],
    "score": -5.264791933376954e-10
}