{
    "AA": [
        35.608369737069424,
        7.131057312827391,
        -154.0
    ],
    "AC": [
        34.77484899240569,
        -2.5925155804036724,
        143.0
    ],
    "AG": [
        27.9678676857198,
        9.810272891260295,
        2.0
    ],
    "AT": [
        30.88618485753343,
        3.090310044953433,
        0.0
    ],
    "CA": [
        34.030854122914164,
        29.033452151985653,
        -64.0
    ],
    "CC": [
        33.70646460041526,
        0.0,
        -57.0
    ],
    "CG": [
        29.270514546947616,
        6.156604826237761,
        0.0
    ],
    "CT": [
        27.64502516221947,
        9.980328178616238,
        -2.0
    ],
    "GA": [
        36.61076113655474,
        6.4828801582480775,
        120.00000000000001
    ],
    "GC": [
        39.38999571481373,
        4.583889018017576,
        180.0
    ],
    "GG": [
        33.64807836616068,
        2.143104633792884,
        56.99999999999999
    ],
    "GT": [
        34.48365112096417,
        0.9350354272975111,
        -143.0
    ],
    "TA": [
        35.874870800788294,
        -1.1,
        0.0
    ],
    "TC": [
        36.61034965887025,
        1.9840715558627664,
        -120.0
    ],
    "TG": [
        34.40112484986624,
        7.920975193421071,
        64.0
    ],
    "TT": [
        35.643858942271244,
        7.35372760900047,
        154.00000000000003
    ],
    "score": [
        -221.30741438234801
    ]
}