{
    "AA": [
        35.584378977179256,
        6.6639192517754315,
        -154.0
    ],
    "AC": [
        33.85230050957319,
        3.060102529657015,
        143.00000000000006
    ],
    "AG": [
        27.17329053989645,
        10.074480043163527,
        2.0
    ],
    "AT": [
        31.23070342472647,
        1.768480267939681,
        0.0
    ],
    "CA": [
        35.23388450181721,
        28.426563806216844,
        -64.0
    ],
    "CC": [
        33.6115253267543,
        2.015544456501554,
        -57.0
    ],
    "CG": [
        30.179000896636577,
        7.286936798986405,
        0.0
    ],
    "CT": [
        26.937464892152477,
        11.374828234805202,
        -2.0
    ],
    "GA": [
        36.356078953852936,
        6.882309163304838,
        120.00000000000007
    ],
    "GC": [
        41.18905866857918,
        4.148323039679315,
        179.99999999999977
    ],
    "GG": [
        33.60985604571329,
        3.7541069310909903,
        57.00000000000004
    ],
    "GT": [
        35.49076586899875,
        -1.7564750085936478,
        -143.0
    ],
    "TA": [
        34.968923528466064,
        -0.8208756353794708,
        0.0
    ],
    "TC": [
        36.022403074070276,
        5.241021148427181,
        -120.0
    ],
    "TG": [
        34.67393969371968,
        -30.30542273980418,
        64.0
    ],
    "TT": [
        35.61002068292601,
        7.083324543561977,
        154.00000000000009
    ],
    "score": [
        -1.4705738949185973e-08
    ]
}