{
    "AA": [
        35.584274081623555,
        7.3348294894194055,
        -154.0
    ],
    "AC": [
        34.93129967161479,
        0.2954758870288174,
        143.0
    ],
    "AG": [
        27.66229814315432,
        9.267552212466336,
        2.0
    ],
    "AT": [
        30.765579522782975,
        2.36913574491346,
        0.0
    ],
    "CA": [
        34.480497856243716,
        23.129743965454157,
        -64.0
    ],
    "CC": [
        33.65843401655394,
        3.519498648208052,
        -57.0
    ],
    "CG": [
        30.584803837700374,
        5.7469352478128455,
        0.0
    ],
    "CT": [
        26.60063797352769,
        8.463193785444702,
        -2.0
    ],
    "GA": [
        36.92772675764838,
        8.726373212138919,
        120.00000000000001
    ],
    "GC": [
        39.99115299701979,
        6.240948617243112,
        180.0
    ],
    "GG": [
        33.66000688286614,
        1.5536905799445198,
        56.999999999999986
    ],
    "GT": [
        35.01826597816325,
        5.39384359125936,
        -143.0
    ],
    "TA": [
        36.55290644055939,
        2.8999999999999995,
        0.0
    ],
    "TC": [
        36.95936680772077,
        2.1077747644595948,
        -120.0
    ],
    "TG": [
        34.552198023416935,
        14.873431178038782,
        64.0
    ],
    "TT": [
        35.605724260513064,
        7.084157944450708,
        153.99999999999997
    ],
    "score": [
        -264.1278079114022
    ]
}