{
    "AA": [
        35.637368252182796,
        7.2579401224124345,
        -154.0
    ],
    "AC": [
        34.2511900270429,
        0.8080432997358418,
        142.99999999999994
    ],
    "AG": [
        28.225331870610503,
        9.041655169456389,
        2.0
    ],
    "AT": [
        31.982553694947892,
        2.495328763162659,
        0.0
    ],
    "CA": [
        34.92521607388367,
        32.82488989472785,
        -64.0
    ],
    "CC": [
        33.692879878184506,
        3.8209026279266194,
        -57.0
    ],
    "CG": [
        29.316727785780948,
        6.3179335659237035,
        0.0
    ],
    "CT": [
        27.368094236112,
        6.279457559573295,
        -2.0
    ],
    "GA": [
        36.958363381922666,
        6.0771991929103635,
        120.00000000000001
    ],
    "GC": [
        40.446748086377475,
        5.091550491455847,
        180.0
    ],
    "GG": [
        33.64092940726056,
        1.3428406516727784,
        57.00000000000001
    ],
    "GT": [
        34.161681759157794,
        0.7057800784925249,
        -143.0
    ],
    "TA": [
        35.468298933964896,
        2.5220250516966867,
        0.0
    ],
    "TC": [
        37.21507689625607,
        6.692260948128771,
        -120.0
    ],
    "TG": [
        34.69269741158599,
        26.776389384562133,
        64.0
    ],
    "TT": [
        35.64216431661094,
        7.359924417866423,
        154.00000000000003
    ],
    "score": [
        -52.73554129087033
    ]
}