{
    "AA": [
        35.64560551735701,
        7.653959668245955,
        -154.0
    ],
    "AC": [
        33.11896231066423,
        -3.5352843368684286,
        143.0
    ],
    "AG": [
        27.850709144004497,
        6.215646077009926,
        2.0
    ],
    "AT": [
        30.99005041597475,
        4.19279468924169,
        0.0
    ],
    "CA": [
        34.810554233562875,
        -29.387662177460104,
        -64.0
    ],
    "CC": [
        33.69313675099879,
        3.6976937897772406,
        -57.0
    ],
    "CG": [
        30.16166554539378,
        7.8522536201520525,
        0.0
    ],
    "CT": [
        28.61990980163067,
        6.547650272037389,
        -2.0
    ],
    "GA": [
        37.260990386716166,
        9.227921877081576,
        119.99999999999999
    ],
    "GC": [
        39.95097251371303,
        4.267746646582561,
        180.0
    ],
    "GG": [
        33.65688365032649,
        1.2800442803715055,
        57.0
    ],
    "GT": [
        34.18533632758122,
        -1.6035536473948102,
        -143.0
    ],
    "TA": [
        35.918216247589974,
        0.0527764721971804,
        0.0
    ],
    "TC": [
        36.48815544671366,
        9.271715001549612,
        -120.0
    ],
    "TG": [
        34.42801445533314,
        36.8754306852195,
        64.0
    ],
    "TT": [
        35.57717369625195,
        6.874029630763554,
        154.0
    ],
    "score": -513.6718144152595
}