{
    "AA": [
        35.623539347110274,
        7.41715359879739,
        -154.0
    ],
    "AC": [
        34.288586662713286,
        -0.406948302837068,
        143.0000000000001
    ],
    "AG": [
        27.821518872191298,
        8.822270778384947,
        2.0
    ],
    "AT": [
        30.848168599162896,
        2.1604120426856617,
        0.0
    ],
    "CA": [
        34.44513516425796,
        21.28657558408431,
        -64.0
    ],
    "CC": [
        33.67436215540949,
        2.179769759380628,
        -57.0
    ],
    "CG": [
        29.69693683739062,
        7.1771622820300225,
        0.0
    ],
    "CT": [
        27.621067582523278,
        10.073012712843548,
        -2.0
    ],
    "GA": [
        36.93407700348049,
        2.1195813425705006,
        120.00000000000016
    ],
    "GC": [
        39.93095031918121,
        4.729622341526202,
        179.9999999999999
    ],
    "GG": [
        33.66923153615829,
        0.2226559975978982,
        56.99999999999998
    ],
    "GT": [
        34.371253002625004,
        2.6193327736623835,
        -143.0
    ],
    "TA": [
        35.619745785379976,
        0.9564309211360653,
        0.0
    ],
    "TC": [
        36.696797847819944,
        2.6031833209833746,
        -120.0
    ],
    "TG": [
        34.458342382549915,
        9.41768478446331,
        64.0
    ],
    "TT": [
        35.62113253737993,
        6.8886738532480365,
        154.00000000000023
    ],
    "score": -3.870301083182636e-10
}