{
    "AA": [
        35.588627484025025,
        7.526371048814959,
        -154.0
    ],
    "AC": [
        33.69025468470748,
        2.5673576345169433,
        143.0
    ],
    "AG": [
        26.951804366660035,
        9.487624522029485,
        2.0
    ],
    "AT": [
        32.56122642583021,
        3.560308177264752,
        0.0
    ],
    "CA": [
        33.848408701604534,
        37.08208569203006,
        -64.0
    ],
    "CC": [
        33.63752563553821,
        2.411127622040661,
        -57.0
    ],
    "CG": [
        29.90988331548497,
        5.929085809215464,
        0.0
    ],
    "CT": [
        26.37751839993501,
        8.267041775138107,
        -2.0
    ],
    "GA": [
        37.591078542481064,
        8.344701417022875,
        119.99999999999999
    ],
    "GC": [
        39.50673491164435,
        6.200312191021794,
        180.00000000000003
    ],
    "GG": [
        33.68026493766335,
        3.1409435616881316,
        56.99999999999999
    ],
    "GT": [
        34.985225717953774,
        5.987549167357503,
        -143.0
    ],
    "TA": [
        35.70539648292672,
        0.036339732778507994,
        0.0
    ],
    "TC": [
        36.713280220777236,
        10.328883964591185,
        -120.0
    ],
    "TG": [
        33.606360630336155,
        12.060374085821998,
        64.0
    ],
    "TT": [
        35.649225230910176,
        6.804213984913143,
        154.0
    ],
    "score": -3879.489915694539
}